,index,Date,Open,High,Low,Close,Shares Traded,Turnover (Rs. Cr)
0,0,14-Oct-2016,-,-,-,3717.7,-,-
1,1,17-Oct-2016,-,-,-,3690.66,-,-
2,2,18-Oct-2016,-,-,-,3712.07,-,-
3,3,19-Oct-2016,-,-,-,3736.45,-,-
4,4,20-Oct-2016,-,-,-,3739.98,-,-
5,5,21-Oct-2016,-,-,-,3724.12,-,-
6,6,24-Oct-2016,-,-,-,3776.29,-,-
7,7,25-Oct-2016,-,-,-,3762.0,-,-
8,8,26-Oct-2016,-,-,-,3740.62,-,-
9,9,27-Oct-2016,-,-,-,3715.2,-,-
10,10,28-Oct-2016,-,-,-,3733.05,-,-
11,11,30-Oct-2016,-,-,-,3734.46,-,-
12,12,01-Nov-2016,-,-,-,3737.87,-,-
13,13,02-Nov-2016,-,-,-,3633.58,-,-
14,14,03-Nov-2016,-,-,-,3577.16,-,-
15,15,04-Nov-2016,-,-,-,3550.09,-,-
16,16,07-Nov-2016,-,-,-,3572.71,-,-
17,17,08-Nov-2016,-,-,-,3601.69,-,-
18,18,09-Nov-2016,-,-,-,3600.8,-,-
19,19,10-Nov-2016,-,-,-,3651.65,-,-
20,20,11-Nov-2016,-,-,-,3579.96,-,-
21,21,15-Nov-2016,-,-,-,3515.98,-,-
22,22,16-Nov-2016,-,-,-,3500.15,-,-
23,23,17-Nov-2016,-,-,-,3504.26,-,-
24,24,18-Nov-2016,-,-,-,3550.6,-,-
25,25,21-Nov-2016,-,-,-,3514.44,-,-
26,26,22-Nov-2016,-,-,-,3550.45,-,-
27,27,23-Nov-2016,-,-,-,3563.43,-,-
28,28,24-Nov-2016,-,-,-,3522.52,-,-
29,29,25-Nov-2016,-,-,-,3553.6,-,-
30,30,28-Nov-2016,-,-,-,3585.59,-,-
31,31,29-Nov-2016,-,-,-,3593.14,-,-
32,32,30-Nov-2016,-,-,-,3612.55,-,-
33,33,01-Dec-2016,-,-,-,3592.58,-,-
34,34,02-Dec-2016,-,-,-,3554.59,-,-
35,35,05-Dec-2016,-,-,-,3553.14,-,-
36,36,06-Dec-2016,-,-,-,3594.62,-,-
37,37,07-Dec-2016,-,-,-,3611.66,-,-
38,38,08-Dec-2016,-,-,-,3664.28,-,-
39,39,09-Dec-2016,-,-,-,3677.36,-,-
40,40,12-Dec-2016,-,-,-,3642.35,-,-
41,41,13-Dec-2016,-,-,-,3672.53,-,-
42,42,14-Dec-2016,-,-,-,3665.42,-,-
43,43,15-Dec-2016,-,-,-,3658.0,-,-
44,44,16-Dec-2016,-,-,-,3637.12,-,-
45,45,19-Dec-2016,-,-,-,3662.35,-,-
46,46,20-Dec-2016,-,-,-,3638.58,-,-
47,47,21-Dec-2016,-,-,-,3654.14,-,-
48,48,22-Dec-2016,-,-,-,3605.06,-,-
49,49,23-Dec-2016,-,-,-,3616.22,-,-
50,50,26-Dec-2016,-,-,-,3563.21,-,-
51,51,27-Dec-2016,-,-,-,3620.59,-,-
52,52,28-Dec-2016,-,-,-,3605.62,-,-
53,53,29-Dec-2016,-,-,-,3664.76,-,-
54,54,30-Dec-2016,-,-,-,3703.29,-,-
55,55,02-Jan-2017,-,-,-,3723.2,-,-
56,56,03-Jan-2017,-,-,-,3778.44,-,-
57,57,04-Jan-2017,-,-,-,3756.81,-,-
58,58,05-Jan-2017,-,-,-,3820.59,-,-
59,59,06-Jan-2017,-,-,-,3808.15,-,-
60,60,09-Jan-2017,-,-,-,3779.75,-,-
61,61,10-Jan-2017,-,-,-,3816.13,-,-
62,62,11-Jan-2017,-,-,-,3824.58,-,-
63,63,12-Jan-2017,-,-,-,3834.09,-,-
64,64,13-Jan-2017,-,-,-,3841.23,-,-
65,65,16-Jan-2017,-,-,-,3818.51,-,-
66,66,17-Jan-2017,-,-,-,3759.74,-,-
67,67,18-Jan-2017,-,-,-,3753.3,-,-
68,68,19-Jan-2017,-,-,-,3813.68,-,-
69,69,20-Jan-2017,-,-,-,3764.84,-,-
70,70,23-Jan-2017,-,-,-,3799.23,-,-
71,71,24-Jan-2017,-,-,-,3842.95,-,-
72,72,25-Jan-2017,-,-,-,3894.54,-,-
73,73,27-Jan-2017,-,-,-,3910.62,-,-
74,74,30-Jan-2017,-,-,-,3914.85,-,-
75,75,31-Jan-2017,-,-,-,3862.41,-,-
76,76,01-Feb-2017,-,-,-,3910.2,-,-
77,77,02-Feb-2017,-,-,-,3929.25,-,-
78,78,03-Feb-2017,-,-,-,3923.28,-,-
79,79,06-Feb-2017,-,-,-,3958.78,-,-
80,80,07-Feb-2017,-,-,-,3929.16,-,-
81,81,08-Feb-2017,-,-,-,3947.8,-,-
82,82,09-Feb-2017,-,-,-,3953.25,-,-
83,83,10-Feb-2017,-,-,-,3933.14,-,-
84,84,13-Feb-2017,-,-,-,3924.92,-,-
85,85,14-Feb-2017,-,-,-,3929.64,-,-
86,86,15-Feb-2017,-,-,-,3895.28,-,-
87,87,16-Feb-2017,-,-,-,3928.93,-,-
88,88,17-Feb-2017,-,-,-,3979.35,-,-
89,89,20-Feb-2017,-,-,-,4012.16,-,-
90,90,21-Feb-2017,-,-,-,4041.72,-,-
91,91,22-Feb-2017,-,-,-,4163.48,-,-
92,92,23-Feb-2017,-,-,-,4140.47,-,-
93,93,27-Feb-2017,-,-,-,4190.45,-,-
94,94,28-Feb-2017,-,-,-,4144.9,-,-
95,95,01-Mar-2017,-,-,-,4115.66,-,-
96,96,02-Mar-2017,-,-,-,4075.13,-,-
97,97,03-Mar-2017,-,-,-,4123.38,-,-
98,98,06-Mar-2017,-,-,-,4191.28,-,-
99,99,07-Mar-2017,-,-,-,4205.35,-,-
100,100,08-Mar-2017,-,-,-,4153.15,-,-
101,101,09-Mar-2017,-,-,-,4125.46,-,-
102,102,10-Mar-2017,-,-,-,4111.56,-,-
103,103,14-Mar-2017,-,-,-,4137.47,-,-
104,104,15-Mar-2017,-,-,-,4146.96,-,-
105,105,16-Mar-2017,-,-,-,4168.05,-,-
106,106,17-Mar-2017,-,-,-,4156.33,-,-
107,107,20-Mar-2017,-,-,-,4128.64,-,-
108,108,21-Mar-2017,-,-,-,4112.77,-,-
109,109,22-Mar-2017,-,-,-,4099.79,-,-
110,110,23-Mar-2017,-,-,-,4148.42,-,-
111,111,24-Mar-2017,-,-,-,4152.05,-,-
112,112,27-Mar-2017,-,-,-,4097.0,-,-
113,113,28-Mar-2017,-,-,-,4084.95,-,-
114,114,29-Mar-2017,-,-,-,4098.51,-,-
115,115,30-Mar-2017,-,-,-,4110.31,-,-
116,116,31-Mar-2017,-,-,-,4193.38,-,-
117,117,03-Apr-2017,-,-,-,4246.08,-,-
118,118,05-Apr-2017,-,-,-,4288.08,-,-
119,119,06-Apr-2017,-,-,-,4330.55,-,-
120,120,07-Apr-2017,-,-,-,4330.67,-,-
121,121,10-Apr-2017,-,-,-,4346.4,-,-
122,122,11-Apr-2017,-,-,-,4351.9,-,-
123,123,12-Apr-2017,-,-,-,4332.31,-,-
124,124,13-Apr-2017,-,-,-,4377.33,-,-
125,125,17-Apr-2017,-,-,-,4417.31,-,-
126,126,18-Apr-2017,-,-,-,4386.91,-,-
127,127,19-Apr-2017,-,-,-,4396.33,-,-
128,128,20-Apr-2017,-,-,-,4390.68,-,-
129,129,21-Apr-2017,-,-,-,4419.72,-,-
130,130,24-Apr-2017,-,-,-,4454.95,-,-
131,131,25-Apr-2017,-,-,-,4505.28,-,-
132,132,26-Apr-2017,-,-,-,4456.59,-,-
133,133,27-Apr-2017,-,-,-,4466.95,-,-
134,134,28-Apr-2017,-,-,-,4462.01,-,-
135,135,02-May-2017,-,-,-,4488.15,-,-
136,136,03-May-2017,-,-,-,4463.24,-,-
137,137,04-May-2017,-,-,-,4434.9,-,-
138,138,05-May-2017,-,-,-,4358.99,-,-
139,139,08-May-2017,-,-,-,4349.52,-,-
140,140,09-May-2017,-,-,-,4377.65,-,-
141,141,10-May-2017,-,-,-,4424.69,-,-
142,142,11-May-2017,-,-,-,4389.0,-,-
143,143,12-May-2017,-,-,-,4389.61,-,-
144,144,15-May-2017,-,-,-,4413.99,-,-
145,145,16-May-2017,-,-,-,4427.25,-,-
146,146,17-May-2017,-,-,-,4413.08,-,-
147,147,18-May-2017,-,-,-,4343.73,-,-
148,148,19-May-2017,-,-,-,4310.33,-,-
149,149,22-May-2017,-,-,-,4264.07,-,-
150,150,23-May-2017,-,-,-,4206.02,-,-
151,151,24-May-2017,-,-,-,4219.19,-,-
152,152,25-May-2017,-,-,-,4265.49,-,-
153,153,26-May-2017,-,-,-,4354.51,-,-
154,154,29-May-2017,-,-,-,4351.21,-,-
155,155,30-May-2017,-,-,-,4370.52,-,-
156,156,31-May-2017,-,-,-,4368.86,-,-
157,157,01-Jun-2017,-,-,-,4315.63,-,-
158,158,02-Jun-2017,-,-,-,4295.19,-,-
159,159,05-Jun-2017,-,-,-,4312.72,-,-
160,160,06-Jun-2017,-,-,-,4288.65,-,-
161,161,07-Jun-2017,-,-,-,4312.43,-,-
162,162,08-Jun-2017,-,-,-,4263.67,-,-
163,163,09-Jun-2017,-,-,-,4256.4,-,-
164,164,12-Jun-2017,-,-,-,4237.11,-,-
165,165,13-Jun-2017,-,-,-,4225.14,-,-
166,166,14-Jun-2017,-,-,-,4269.0,-,-
167,167,15-Jun-2017,-,-,-,4239.9,-,-
168,168,16-Jun-2017,-,-,-,4254.04,-,-
169,169,19-Jun-2017,-,-,-,4275.35,-,-
170,170,20-Jun-2017,-,-,-,4297.26,-,-
171,171,21-Jun-2017,-,-,-,4268.12,-,-
172,172,22-Jun-2017,-,-,-,4210.7,-,-
173,173,23-Jun-2017,-,-,-,4173.14,-,-
174,174,27-Jun-2017,-,-,-,4174.64,-,-
175,175,28-Jun-2017,-,-,-,4128.48,-,-
176,176,29-Jun-2017,-,-,-,4129.11,-,-
177,177,30-Jun-2017,-,-,-,4123.6,-,-
178,178,03-Jul-2017,-,-,-,4147.39,-,-
179,179,04-Jul-2017,-,-,-,4186.33,-,-
180,180,05-Jul-2017,-,-,-,4229.58,-,-
181,181,06-Jul-2017,-,-,-,4213.76,-,-
182,182,07-Jul-2017,-,-,-,4248.89,-,-
183,183,10-Jul-2017,-,-,-,4278.93,-,-
184,184,11-Jul-2017,-,-,-,4283.49,-,-
185,185,12-Jul-2017,-,-,-,4348.33,-,-
186,186,13-Jul-2017,-,-,-,4346.33,-,-
187,187,14-Jul-2017,-,-,-,4372.62,-,-
188,188,17-Jul-2017,-,-,-,4393.52,-,-
189,189,18-Jul-2017,-,-,-,4350.56,-,-
190,190,19-Jul-2017,-,-,-,4392.69,-,-
191,191,20-Jul-2017,-,-,-,4377.05,-,-
192,192,21-Jul-2017,-,-,-,4436.88,-,-
193,193,24-Jul-2017,-,-,-,4455.78,-,-
194,194,25-Jul-2017,-,-,-,4445.41,-,-
195,195,26-Jul-2017,-,-,-,4471.94,-,-
196,196,27-Jul-2017,-,-,-,4442.73,-,-
197,197,28-Jul-2017,-,-,-,4452.78,-,-
198,198,31-Jul-2017,-,-,-,4493.61,-,-
199,199,01-Aug-2017,-,-,-,4501.37,-,-
200,200,02-Aug-2017,-,-,-,4510.0,-,-
201,201,03-Aug-2017,-,-,-,4566.47,-,-
202,202,04-Aug-2017,-,-,-,4650.43,-,-
203,203,07-Aug-2017,-,-,-,4706.78,-,-
204,204,08-Aug-2017,-,-,-,4622.84,-,-
205,205,09-Aug-2017,-,-,-,4601.98,-,-
206,206,10-Aug-2017,-,-,-,4515.43,-,-
207,207,11-Aug-2017,-,-,-,4489.89,-,-
208,208,14-Aug-2017,-,-,-,4556.09,-,-
209,209,16-Aug-2017,-,-,-,4566.39,-,-
210,210,17-Aug-2017,-,-,-,4578.72,-,-
211,211,18-Aug-2017,-,-,-,4615.57,-,-
212,212,21-Aug-2017,-,-,-,4548.82,-,-
213,213,22-Aug-2017,-,-,-,4599.28,-,-
214,214,23-Aug-2017,-,-,-,4647.87,-,-
215,215,24-Aug-2017,-,-,-,4634.75,-,-
216,216,28-Aug-2017,-,-,-,4648.95,-,-
217,217,29-Aug-2017,-,-,-,4589.08,-,-
218,218,30-Aug-2017,-,-,-,4694.83,-,-
219,219,31-Aug-2017,-,-,-,4732.16,-,-
220,220,01-Sep-2017,-,-,-,4757.85,-,-
221,221,04-Sep-2017,-,-,-,4729.36,-,-
222,222,05-Sep-2017,-,-,-,4774.46,-,-
223,223,06-Sep-2017,-,-,-,4774.23,-,-
224,224,07-Sep-2017,-,-,-,4756.68,-,-
225,225,08-Sep-2017,-,-,-,4735.5,-,-
226,226,11-Sep-2017,-,-,-,4774.28,-,-
227,227,12-Sep-2017,-,-,-,4846.2,-,-
228,228,13-Sep-2017,-,-,-,4798.85,-,-
229,229,14-Sep-2017,-,-,-,4781.59,-,-
230,230,15-Sep-2017,-,-,-,4791.12,-,-
231,231,18-Sep-2017,-,-,-,4792.67,-,-
232,232,19-Sep-2017,-,-,-,4833.58,-,-
233,233,20-Sep-2017,-,-,-,4825.9,-,-
234,234,21-Sep-2017,-,-,-,4797.25,-,-
235,235,22-Sep-2017,-,-,-,4694.66,-,-
236,236,25-Sep-2017,-,-,-,4673.61,-,-
237,237,26-Sep-2017,-,-,-,4670.53,-,-
238,238,27-Sep-2017,-,-,-,4608.43,-,-
239,239,28-Sep-2017,-,-,-,4588.93,-,-
240,240,29-Sep-2017,-,-,-,4632.48,-,-
241,241,03-Oct-2017,-,-,-,4703.21,-,-
242,242,04-Oct-2017,-,-,-,4767.18,-,-
243,243,05-Oct-2017,-,-,-,4754.89,-,-
244,244,06-Oct-2017,-,-,-,4847.33,-,-
245,245,09-Oct-2017,-,-,-,4798.3,-,-
246,246,10-Oct-2017,-,-,-,4825.92,-,-
247,247,11-Oct-2017,-,-,-,4861.21,-,-
248,0,12-Oct-2017,-,-,-,4925.59,-,-
249,1,13-Oct-2017,-,-,-,4922.01,-,-
250,2,16-Oct-2017,-,-,-,4945.79,-,-
251,3,17-Oct-2017,-,-,-,4970.44,-,-
252,4,18-Oct-2017,-,-,-,5062.99,-,-
253,5,19-Oct-2017,-,-,-,5025.72,-,-
254,6,23-Oct-2017,-,-,-,5096.13,-,-
255,7,24-Oct-2017,-,-,-,5114.82,-,-
256,8,25-Oct-2017,-,-,-,5136.07,-,-
257,9,26-Oct-2017,-,-,-,5238.85,-,-
258,10,27-Oct-2017,-,-,-,5172.07,-,-
259,11,30-Oct-2017,-,-,-,5233.66,-,-
260,12,31-Oct-2017,-,-,-,5228.48,-,-
261,13,01-Nov-2017,-,-,-,5253.27,-,-
262,14,02-Nov-2017,-,-,-,5235.55,-,-
263,15,03-Nov-2017,-,-,-,5231.56,-,-
264,16,06-Nov-2017,-,-,-,5217.19,-,-
265,17,07-Nov-2017,-,-,-,5130.98,-,-
266,18,08-Nov-2017,-,-,-,5057.3,-,-
267,19,09-Nov-2017,-,-,-,5071.08,-,-
268,20,10-Nov-2017,-,-,-,5023.3,-,-
269,21,13-Nov-2017,-,-,-,4971.3,-,-
270,22,14-Nov-2017,-,-,-,4949.6,-,-
271,23,15-Nov-2017,-,-,-,4922.71,-,-
272,24,16-Nov-2017,-,-,-,4964.89,-,-
273,25,17-Nov-2017,-,-,-,4985.69,-,-
274,26,20-Nov-2017,-,-,-,5021.85,-,-
275,27,21-Nov-2017,-,-,-,5062.68,-,-
276,28,22-Nov-2017,-,-,-,5065.45,-,-
277,29,23-Nov-2017,-,-,-,5095.39,-,-
278,30,24-Nov-2017,-,-,-,5125.01,-,-
279,31,27-Nov-2017,-,-,-,5122.17,-,-
280,32,28-Nov-2017,-,-,-,5097.13,-,-
281,33,29-Nov-2017,-,-,-,5102.32,-,-
282,34,30-Nov-2017,-,-,-,5047.66,-,-
283,35,01-Dec-2017,-,-,-,4973.21,-,-
284,36,04-Dec-2017,-,-,-,4981.32,-,-
285,37,05-Dec-2017,-,-,-,4999.81,-,-
286,38,06-Dec-2017,-,-,-,4984.96,-,-
287,39,07-Dec-2017,-,-,-,5066.92,-,-
288,40,08-Dec-2017,-,-,-,5094.28,-,-
289,41,11-Dec-2017,-,-,-,5084.79,-,-
290,42,12-Dec-2017,-,-,-,5059.43,-,-
291,43,13-Dec-2017,-,-,-,5079.6,-,-
292,44,14-Dec-2017,-,-,-,5123.58,-,-
293,45,15-Dec-2017,-,-,-,5136.98,-,-
294,46,18-Dec-2017,-,-,-,5151.25,-,-
295,47,19-Dec-2017,-,-,-,5176.26,-,-
296,48,20-Dec-2017,-,-,-,5165.8,-,-
297,49,21-Dec-2017,-,-,-,5156.47,-,-
298,50,22-Dec-2017,-,-,-,5200.14,-,-
299,51,26-Dec-2017,-,-,-,5230.88,-,-
300,52,27-Dec-2017,-,-,-,5188.59,-,-
301,53,28-Dec-2017,-,-,-,5172.9,-,-
302,54,29-Dec-2017,-,-,-,5155.42,-,-
303,55,01-Jan-2018,-,-,-,5112.66,-,-
304,56,02-Jan-2018,-,-,-,5099.73,-,-
305,57,03-Jan-2018,-,-,-,5091.04,-,-
306,58,04-Jan-2018,-,-,-,5132.49,-,-
307,59,05-Jan-2018,-,-,-,5125.14,-,-
308,60,08-Jan-2018,-,-,-,5157.37,-,-
309,61,09-Jan-2018,-,-,-,5175.01,-,-
310,62,10-Jan-2018,-,-,-,5178.33,-,-
311,63,11-Jan-2018,-,-,-,5162.45,-,-
312,64,12-Jan-2018,-,-,-,5206.99,-,-
313,65,15-Jan-2018,-,-,-,5176.67,-,-
314,66,16-Jan-2018,-,-,-,5071.44,-,-
315,67,17-Jan-2018,-,-,-,5075.24,-,-
316,68,18-Jan-2018,-,-,-,5013.51,-,-
317,69,19-Jan-2018,-,-,-,5060.15,-,-
318,70,22-Jan-2018,-,-,-,5121.94,-,-
319,71,23-Jan-2018,-,-,-,5206.62,-,-
320,72,24-Jan-2018,-,-,-,5195.1,-,-
321,73,25-Jan-2018,-,-,-,5179.82,-,-
322,74,29-Jan-2018,-,-,-,5140.28,-,-
323,75,30-Jan-2018,-,-,-,5170.52,-,-
324,76,31-Jan-2018,-,-,-,5195.78,-,-
325,77,01-Feb-2018,-,-,-,5130.3,-,-
326,78,02-Feb-2018,-,-,-,4960.25,-,-
327,79,05-Feb-2018,-,-,-,4948.6,-,-
328,80,06-Feb-2018,-,-,-,4882.44,-,-
329,81,07-Feb-2018,-,-,-,4956.09,-,-
330,82,08-Feb-2018,-,-,-,4961.2,-,-
331,83,09-Feb-2018,-,-,-,4923.16,-,-
332,84,12-Feb-2018,-,-,-,4971.14,-,-
333,85,14-Feb-2018,-,-,-,4974.84,-,-
334,86,15-Feb-2018,-,-,-,5014.05,-,-
335,87,16-Feb-2018,-,-,-,4949.08,-,-
336,88,19-Feb-2018,-,-,-,4912.21,-,-
337,89,20-Feb-2018,-,-,-,4908.0,-,-
338,90,21-Feb-2018,-,-,-,4936.56,-,-
339,91,22-Feb-2018,-,-,-,4871.04,-,-
340,92,23-Feb-2018,-,-,-,4916.86,-,-
341,93,26-Feb-2018,-,-,-,4959.22,-,-
342,94,27-Feb-2018,-,-,-,4978.22,-,-
343,95,28-Feb-2018,-,-,-,4975.84,-,-
344,96,01-Mar-2018,-,-,-,4970.24,-,-
345,97,05-Mar-2018,-,-,-,4872.79,-,-
346,98,06-Mar-2018,-,-,-,4857.41,-,-
347,99,07-Mar-2018,-,-,-,4785.5,-,-
348,100,08-Mar-2018,-,-,-,4826.05,-,-
349,101,09-Mar-2018,-,-,-,4815.84,-,-
350,102,12-Mar-2018,-,-,-,4910.49,-,-
351,103,13-Mar-2018,-,-,-,4975.51,-,-
352,104,14-Mar-2018,-,-,-,4931.34,-,-
353,105,15-Mar-2018,-,-,-,4870.19,-,-
354,106,16-Mar-2018,-,-,-,4784.5,-,-
355,107,19-Mar-2018,-,-,-,4716.07,-,-
356,108,20-Mar-2018,-,-,-,4674.38,-,-
357,109,21-Mar-2018,-,-,-,4696.09,-,-
358,110,22-Mar-2018,-,-,-,4697.18,-,-
359,111,23-Mar-2018,-,-,-,4651.23,-,-
360,112,26-Mar-2018,-,-,-,4648.96,-,-
361,113,27-Mar-2018,-,-,-,4688.09,-,-
362,114,28-Mar-2018,-,-,-,4672.47,-,-
363,115,02-Apr-2018,-,-,-,4675.52,-,-
364,116,03-Apr-2018,-,-,-,4705.8,-,-
365,117,04-Apr-2018,-,-,-,4656.14,-,-
366,118,05-Apr-2018,-,-,-,4722.28,-,-
367,119,06-Apr-2018,-,-,-,4757.59,-,-
368,120,09-Apr-2018,-,-,-,4820.96,-,-
369,121,10-Apr-2018,-,-,-,4821.02,-,-
370,122,11-Apr-2018,-,-,-,4745.44,-,-
371,123,12-Apr-2018,-,-,-,4741.34,-,-
372,124,13-Apr-2018,-,-,-,4737.3,-,-
373,125,16-Apr-2018,-,-,-,4730.85,-,-
374,126,17-Apr-2018,-,-,-,4756.15,-,-
375,127,18-Apr-2018,-,-,-,4726.12,-,-
376,128,19-Apr-2018,-,-,-,4681.01,-,-
377,129,20-Apr-2018,-,-,-,4642.23,-,-
378,130,23-Apr-2018,-,-,-,4672.73,-,-
379,131,24-Apr-2018,-,-,-,4756.89,-,-
380,132,25-Apr-2018,-,-,-,4705.41,-,-
381,133,26-Apr-2018,-,-,-,4710.62,-,-
382,134,27-Apr-2018,-,-,-,4771.65,-,-
383,135,30-Apr-2018,-,-,-,4697.65,-,-
384,136,02-May-2018,-,-,-,4688.49,-,-
385,137,03-May-2018,-,-,-,4650.92,-,-
386,138,04-May-2018,-,-,-,4636.27,-,-
387,139,07-May-2018,-,-,-,4715.65,-,-
388,140,08-May-2018,-,-,-,4725.32,-,-
389,141,09-May-2018,-,-,-,4730.85,-,-
390,142,10-May-2018,-,-,-,4754.63,-,-
391,143,11-May-2018,-,-,-,4798.72,-,-
392,144,14-May-2018,-,-,-,4803.28,-,-
393,145,15-May-2018,-,-,-,4784.13,-,-
394,146,16-May-2018,-,-,-,4697.83,-,-
395,147,17-May-2018,-,-,-,4695.81,-,-
396,148,18-May-2018,-,-,-,4632.23,-,-
397,149,21-May-2018,-,-,-,4626.94,-,-
398,150,22-May-2018,-,-,-,4607.45,-,-
399,151,23-May-2018,-,-,-,4467.6,-,-
400,152,24-May-2018,-,-,-,4419.52,-,-
401,153,25-May-2018,-,-,-,4525.22,-,-
402,154,28-May-2018,-,-,-,4616.49,-,-
403,155,29-May-2018,-,-,-,4628.85,-,-
404,156,30-May-2018,-,-,-,4598.65,-,-
405,157,31-May-2018,-,-,-,4654.13,-,-
406,158,01-Jun-2018,-,-,-,4637.65,-,-
407,159,04-Jun-2018,-,-,-,4645.22,-,-
408,160,05-Jun-2018,-,-,-,4647.24,-,-
409,161,06-Jun-2018,-,-,-,4661.01,-,-
410,162,07-Jun-2018,-,-,-,4723.66,-,-
411,163,08-Jun-2018,-,-,-,4762.64,-,-
412,164,11-Jun-2018,-,-,-,4749.8,-,-
413,165,12-Jun-2018,-,-,-,4775.47,-,-
414,166,13-Jun-2018,-,-,-,4779.07,-,-
415,167,14-Jun-2018,-,-,-,4759.28,-,-
416,168,15-Jun-2018,-,-,-,4726.64,-,-
417,169,18-Jun-2018,-,-,-,4768.36,-,-
418,170,19-Jun-2018,-,-,-,4697.89,-,-
419,171,20-Jun-2018,-,-,-,4712.58,-,-
420,172,21-Jun-2018,-,-,-,4749.79,-,-
421,173,22-Jun-2018,-,-,-,4716.2,-,-
422,174,25-Jun-2018,-,-,-,4650.17,-,-
423,175,26-Jun-2018,-,-,-,4623.83,-,-
424,176,27-Jun-2018,-,-,-,4475.18,-,-
425,177,28-Jun-2018,-,-,-,4368.54,-,-
426,178,29-Jun-2018,-,-,-,4490.46,-,-
427,179,02-Jul-2018,-,-,-,4441.79,-,-
428,180,03-Jul-2018,-,-,-,4482.34,-,-
429,181,04-Jul-2018,-,-,-,4499.5,-,-
430,182,05-Jul-2018,-,-,-,4463.71,-,-
431,183,06-Jul-2018,-,-,-,4500.1,-,-
432,184,09-Jul-2018,-,-,-,4559.42,-,-
433,185,10-Jul-2018,-,-,-,4619.92,-,-
434,186,11-Jul-2018,-,-,-,4613.27,-,-
435,187,12-Jul-2018,-,-,-,4706.89,-,-
436,188,13-Jul-2018,-,-,-,4716.17,-,-
437,189,16-Jul-2018,-,-,-,4653.63,-,-
438,190,17-Jul-2018,-,-,-,4754.39,-,-
439,191,18-Jul-2018,-,-,-,4795.56,-,-
440,192,19-Jul-2018,-,-,-,4810.8,-,-
441,193,20-Jul-2018,-,-,-,4802.84,-,-
442,194,23-Jul-2018,-,-,-,4801.38,-,-
443,195,24-Jul-2018,-,-,-,4832.65,-,-
444,196,25-Jul-2018,-,-,-,4844.65,-,-
445,197,26-Jul-2018,-,-,-,4845.22,-,-
446,198,27-Jul-2018,-,-,-,4927.67,-,-
447,199,30-Jul-2018,-,-,-,4975.2,-,-
448,200,31-Jul-2018,-,-,-,5020.23,-,-
449,201,01-Aug-2018,-,-,-,5065.82,-,-
450,202,02-Aug-2018,-,-,-,5044.03,-,-
451,203,03-Aug-2018,-,-,-,5063.72,-,-
452,204,06-Aug-2018,-,-,-,5076.08,-,-
453,205,07-Aug-2018,-,-,-,5035.58,-,-
454,206,08-Aug-2018,-,-,-,5086.29,-,-
455,207,09-Aug-2018,-,-,-,5071.5,-,-
456,208,10-Aug-2018,-,-,-,5053.17,-,-
457,209,13-Aug-2018,-,-,-,4963.42,-,-
458,210,14-Aug-2018,-,-,-,4994.16,-,-
459,211,16-Aug-2018,-,-,-,4968.38,-,-
460,212,17-Aug-2018,-,-,-,4962.36,-,-
461,213,20-Aug-2018,-,-,-,5034.18,-,-
462,214,21-Aug-2018,-,-,-,5047.18,-,-
463,215,23-Aug-2018,-,-,-,5060.61,-,-
464,216,24-Aug-2018,-,-,-,5082.29,-,-
465,217,27-Aug-2018,-,-,-,5134.19,-,-
466,218,28-Aug-2018,-,-,-,5126.42,-,-
467,219,29-Aug-2018,-,-,-,5115.83,-,-
468,220,30-Aug-2018,-,-,-,5101.16,-,-
469,221,31-Aug-2018,-,-,-,5067.92,-,-
470,222,03-Sep-2018,-,-,-,5023.1,-,-
471,223,04-Sep-2018,-,-,-,4974.42,-,-
472,224,05-Sep-2018,-,-,-,4942.96,-,-
473,225,06-Sep-2018,-,-,-,5021.48,-,-
474,226,07-Sep-2018,-,-,-,5059.55,-,-
475,227,10-Sep-2018,-,-,-,4974.99,-,-
476,228,11-Sep-2018,-,-,-,4915.0,-,-
477,229,12-Sep-2018,-,-,-,4926.48,-,-
478,230,14-Sep-2018,-,-,-,5009.98,-,-
479,231,17-Sep-2018,-,-,-,4983.88,-,-
480,232,18-Sep-2018,-,-,-,4934.64,-,-
481,233,19-Sep-2018,-,-,-,4965.89,-,-
482,234,21-Sep-2018,-,-,-,5035.73,-,-
483,235,24-Sep-2018,-,-,-,5003.37,-,-
484,236,25-Sep-2018,-,-,-,4983.22,-,-
485,237,26-Sep-2018,-,-,-,5027.51,-,-
486,238,27-Sep-2018,-,-,-,5006.99,-,-
487,239,28-Sep-2018,-,-,-,5011.5,-,-
488,240,01-Oct-2018,-,-,-,4976.28,-,-
489,241,03-Oct-2018,-,-,-,4983.04,-,-
490,242,04-Oct-2018,-,-,-,4638.75,-,-
491,243,05-Oct-2018,-,-,-,4138.44,-,-
492,244,08-Oct-2018,-,-,-,4283.41,-,-
493,245,09-Oct-2018,-,-,-,4202.19,-,-
494,0,10-Oct-2018,-,-,-,4271.32,-,-
495,1,11-Oct-2018,-,-,-,4359.48,-,-
496,2,12-Oct-2018,-,-,-,4499.69,-,-
497,3,15-Oct-2018,-,-,-,4527.72,-,-
498,4,16-Oct-2018,-,-,-,4609.67,-,-
499,5,17-Oct-2018,-,-,-,4511.48,-,-
500,6,19-Oct-2018,-,-,-,4450.93,-,-
501,7,22-Oct-2018,-,-,-,4340.08,-,-
502,8,23-Oct-2018,-,-,-,4321.74,-,-
503,9,24-Oct-2018,-,-,-,4392.63,-,-
504,10,25-Oct-2018,-,-,-,4360.66,-,-
505,11,26-Oct-2018,-,-,-,4356.62,-,-
506,12,29-Oct-2018,-,-,-,4469.66,-,-
507,13,30-Oct-2018,-,-,-,4385.6,-,-
508,14,31-Oct-2018,-,-,-,4455.51,-,-
509,15,01-Nov-2018,-,-,-,4475.66,-,-
510,16,02-Nov-2018,-,-,-,4578.94,-,-
511,17,05-Nov-2018,-,-,-,4537.54,-,-
512,18,06-Nov-2018,-,-,-,4528.72,-,-
513,19,07-Nov-2018,-,-,-,4562.64,-,-
514,20,09-Nov-2018,-,-,-,4570.97,-,-
515,21,12-Nov-2018,-,-,-,4487.77,-,-
516,22,13-Nov-2018,-,-,-,4564.73,-,-
517,23,14-Nov-2018,-,-,-,4606.0,-,-
518,24,15-Nov-2018,-,-,-,4596.88,-,-
519,25,16-Nov-2018,-,-,-,4599.31,-,-
520,26,19-Nov-2018,-,-,-,4609.43,-,-
521,27,20-Nov-2018,-,-,-,4589.52,-,-
522,28,21-Nov-2018,-,-,-,4568.82,-,-
523,29,22-Nov-2018,-,-,-,4525.49,-,-
524,30,26-Nov-2018,-,-,-,4525.25,-,-
525,31,27-Nov-2018,-,-,-,4571.77,-,-
526,32,28-Nov-2018,-,-,-,4536.72,-,-
527,33,29-Nov-2018,-,-,-,4562.58,-,-
528,34,30-Nov-2018,-,-,-,4535.04,-,-
529,35,03-Dec-2018,-,-,-,4533.53,-,-
530,36,04-Dec-2018,-,-,-,4562.98,-,-
531,37,05-Dec-2018,-,-,-,4529.45,-,-
532,38,06-Dec-2018,-,-,-,4446.03,-,-
533,39,07-Dec-2018,-,-,-,4427.35,-,-
534,40,10-Dec-2018,-,-,-,4370.18,-,-
535,41,11-Dec-2018,-,-,-,4365.04,-,-
536,42,12-Dec-2018,-,-,-,4442.4,-,-
537,43,13-Dec-2018,-,-,-,4468.21,-,-
538,44,14-Dec-2018,-,-,-,4531.1,-,-
539,45,17-Dec-2018,-,-,-,4587.59,-,-
540,46,18-Dec-2018,-,-,-,4608.34,-,-
541,47,19-Dec-2018,-,-,-,4646.22,-,-
542,48,20-Dec-2018,-,-,-,4654.42,-,-
543,49,21-Dec-2018,-,-,-,4583.07,-,-
544,50,24-Dec-2018,-,-,-,4536.03,-,-
545,51,26-Dec-2018,-,-,-,4554.65,-,-
546,52,27-Dec-2018,-,-,-,4602.48,-,-
547,53,28-Dec-2018,-,-,-,4634.49,-,-
548,54,31-Dec-2018,-,-,-,4626.1,-,-
549,55,01-Jan-2019,-,-,-,4640.35,-,-
550,56,02-Jan-2019,-,-,-,4582.73,-,-
551,57,03-Jan-2019,-,-,-,4507.21,-,-
552,58,04-Jan-2019,-,-,-,4542.66,-,-
553,59,07-Jan-2019,-,-,-,4558.04,-,-
554,60,08-Jan-2019,-,-,-,4549.85,-,-
555,61,09-Jan-2019,-,-,-,4490.01,-,-
556,62,10-Jan-2019,-,-,-,4459.22,-,-
557,63,11-Jan-2019,-,-,-,4459.08,-,-
558,64,14-Jan-2019,-,-,-,4438.47,-,-
559,65,15-Jan-2019,-,-,-,4523.94,-,-
560,66,16-Jan-2019,-,-,-,4557.38,-,-
561,67,17-Jan-2019,-,-,-,4580.16,-,-
562,68,18-Jan-2019,-,-,-,4632.42,-,-
563,69,21-Jan-2019,-,-,-,4691.62,-,-
564,70,22-Jan-2019,-,-,-,4702.62,-,-
565,71,23-Jan-2019,-,-,-,4696.13,-,-
566,72,24-Jan-2019,-,-,-,4712.88,-,-
567,73,25-Jan-2019,-,-,-,4717.36,-,-
568,74,28-Jan-2019,-,-,-,4664.8,-,-
569,75,29-Jan-2019,-,-,-,4615.35,-,-
570,76,30-Jan-2019,-,-,-,4576.03,-,-
571,77,31-Jan-2019,-,-,-,4654.59,-,-
572,78,01-Feb-2019,-,-,-,4686.08,-,-
573,79,04-Feb-2019,-,-,-,4725.05,-,-
574,80,05-Feb-2019,-,-,-,4717.17,-,-
575,81,06-Feb-2019,-,-,-,4790.46,-,-
576,82,07-Feb-2019,-,-,-,4779.43,-,-
577,83,08-Feb-2019,-,-,-,4705.79,-,-
578,84,11-Feb-2019,-,-,-,4628.37,-,-
579,85,12-Feb-2019,-,-,-,4630.4,-,-
580,86,13-Feb-2019,-,-,-,4544.73,-,-
581,87,14-Feb-2019,-,-,-,4454.76,-,-
582,88,15-Feb-2019,-,-,-,4513.94,-,-
583,89,18-Feb-2019,-,-,-,4486.14,-,-
584,90,19-Feb-2019,-,-,-,4505.13,-,-
585,91,20-Feb-2019,-,-,-,4594.0,-,-
586,92,21-Feb-2019,-,-,-,4635.49,-,-
587,93,22-Feb-2019,-,-,-,4666.7,-,-
588,94,25-Feb-2019,-,-,-,4658.7,-,-
589,95,26-Feb-2019,-,-,-,4663.59,-,-
590,96,27-Feb-2019,-,-,-,4658.92,-,-
591,97,28-Feb-2019,-,-,-,4707.88,-,-
592,98,01-Mar-2019,-,-,-,4747.85,-,-
593,99,05-Mar-2019,-,-,-,4860.52,-,-
594,100,06-Mar-2019,-,-,-,4914.33,-,-
595,101,07-Mar-2019,-,-,-,4889.24,-,-
596,102,08-Mar-2019,-,-,-,4883.88,-,-
597,103,11-Mar-2019,-,-,-,5020.91,-,-
598,104,12-Mar-2019,-,-,-,5068.01,-,-
599,105,13-Mar-2019,-,-,-,5060.18,-,-
600,106,14-Mar-2019,-,-,-,5067.14,-,-
601,107,15-Mar-2019,-,-,-,5106.79,-,-
602,108,18-Mar-2019,-,-,-,5181.2,-,-
603,109,19-Mar-2019,-,-,-,5246.77,-,-
604,110,20-Mar-2019,-,-,-,5154.86,-,-
605,111,22-Mar-2019,-,-,-,5077.39,-,-
606,112,25-Mar-2019,-,-,-,5121.86,-,-
607,113,26-Mar-2019,-,-,-,5199.77,-,-
608,114,27-Mar-2019,-,-,-,5153.33,-,-
609,115,28-Mar-2019,-,-,-,5178.53,-,-
610,116,29-Mar-2019,-,-,-,5231.28,-,-
611,117,01-Apr-2019,-,-,-,5233.71,-,-
612,118,02-Apr-2019,-,-,-,5209.16,-,-
613,119,03-Apr-2019,-,-,-,5109.58,-,-
614,120,04-Apr-2019,-,-,-,5057.9,-,-
615,121,05-Apr-2019,-,-,-,5101.49,-,-
616,122,08-Apr-2019,-,-,-,5024.98,-,-
617,123,09-Apr-2019,-,-,-,5052.82,-,-
618,124,10-Apr-2019,-,-,-,5042.18,-,-
619,125,11-Apr-2019,-,-,-,5090.08,-,-
620,126,12-Apr-2019,-,-,-,5095.47,-,-
621,127,15-Apr-2019,-,-,-,5074.54,-,-
622,128,16-Apr-2019,-,-,-,5115.27,-,-
623,129,18-Apr-2019,-,-,-,5178.16,-,-
624,130,22-Apr-2019,-,-,-,5015.18,-,-
625,131,23-Apr-2019,-,-,-,5053.6,-,-
626,132,24-Apr-2019,-,-,-,5163.22,-,-
627,133,25-Apr-2019,-,-,-,5151.36,-,-
628,134,26-Apr-2019,-,-,-,5221.13,-,-
629,135,30-Apr-2019,-,-,-,5271.29,-,-
630,136,02-May-2019,-,-,-,5255.19,-,-
631,137,03-May-2019,-,-,-,5252.29,-,-
632,138,06-May-2019,-,-,-,5239.89,-,-
633,139,07-May-2019,-,-,-,5157.33,-,-
634,140,08-May-2019,-,-,-,5070.54,-,-
635,141,09-May-2019,-,-,-,4999.31,-,-
636,142,10-May-2019,-,-,-,4949.9,-,-
637,143,13-May-2019,-,-,-,4846.72,-,-
638,144,14-May-2019,-,-,-,4920.62,-,-
639,145,15-May-2019,-,-,-,4894.11,-,-
640,146,16-May-2019,-,-,-,4961.05,-,-
641,147,17-May-2019,-,-,-,4984.78,-,-
642,148,20-May-2019,-,-,-,5200.51,-,-
643,149,21-May-2019,-,-,-,5153.85,-,-
644,150,22-May-2019,-,-,-,5181.01,-,-
645,151,23-May-2019,-,-,-,5163.82,-,-
646,152,24-May-2019,-,-,-,5225.44,-,-
647,153,27-May-2019,-,-,-,5259.7,-,-
648,154,28-May-2019,-,-,-,5288.81,-,-
649,155,29-May-2019,-,-,-,5243.28,-,-
650,156,30-May-2019,-,-,-,5286.33,-,-
651,157,31-May-2019,-,-,-,5329.0,-,-
652,158,03-Jun-2019,-,-,-,5390.52,-,-
653,159,04-Jun-2019,-,-,-,5342.72,-,-
654,160,06-Jun-2019,-,-,-,5200.08,-,-
655,161,07-Jun-2019,-,-,-,5173.78,-,-
656,162,10-Jun-2019,-,-,-,5130.54,-,-
657,163,11-Jun-2019,-,-,-,5180.19,-,-
658,164,12-Jun-2019,-,-,-,5174.82,-,-
659,165,13-Jun-2019,-,-,-,5159.52,-,-
660,166,14-Jun-2019,-,-,-,5132.01,-,-
661,167,17-Jun-2019,-,-,-,5011.89,-,-
662,168,18-Jun-2019,-,-,-,5054.33,-,-
663,169,19-Jun-2019,-,-,-,5022.41,-,-
664,170,20-Jun-2019,-,-,-,5093.31,-,-
665,171,21-Jun-2019,-,-,-,5049.15,-,-
666,172,24-Jun-2019,-,-,-,4967.51,-,-
667,173,25-Jun-2019,-,-,-,5053.99,-,-
668,174,26-Jun-2019,-,-,-,5057.36,-,-
669,175,27-Jun-2019,-,-,-,5057.23,-,-
670,176,28-Jun-2019,-,-,-,5013.86,-,-
671,177,01-Jul-2019,-,-,-,4954.92,-,-
672,178,02-Jul-2019,-,-,-,5006.01,-,-
673,179,03-Jul-2019,-,-,-,5016.31,-,-
674,180,04-Jul-2019,-,-,-,5030.4,-,-
675,181,05-Jul-2019,-,-,-,4934.45,-,-
676,182,08-Jul-2019,-,-,-,4812.93,-,-
677,183,09-Jul-2019,-,-,-,4880.26,-,-
678,184,10-Jul-2019,-,-,-,4842.65,-,-
679,185,11-Jul-2019,-,-,-,4869.1,-,-
680,186,12-Jul-2019,-,-,-,4837.41,-,-
681,187,15-Jul-2019,-,-,-,4835.27,-,-
682,188,16-Jul-2019,-,-,-,4905.58,-,-
683,189,17-Jul-2019,-,-,-,4869.46,-,-
684,190,18-Jul-2019,-,-,-,4788.46,-,-
685,191,19-Jul-2019,-,-,-,4753.98,-,-
686,192,22-Jul-2019,-,-,-,4815.4,-,-
687,193,23-Jul-2019,-,-,-,4801.15,-,-
688,194,24-Jul-2019,-,-,-,4729.59,-,-
689,195,25-Jul-2019,-,-,-,4663.61,-,-
690,196,26-Jul-2019,-,-,-,4626.53,-,-
691,197,29-Jul-2019,-,-,-,4585.17,-,-
692,198,30-Jul-2019,-,-,-,4488.54,-,-
693,199,31-Jul-2019,-,-,-,4522.49,-,-
694,200,01-Aug-2019,-,-,-,4514.57,-,-
695,201,02-Aug-2019,-,-,-,4486.45,-,-
696,202,05-Aug-2019,-,-,-,4387.46,-,-
697,203,06-Aug-2019,-,-,-,4382.02,-,-
698,204,07-Aug-2019,-,-,-,4314.32,-,-
699,205,08-Aug-2019,-,-,-,4406.71,-,-
700,206,09-Aug-2019,-,-,-,4421.02,-,-
701,207,13-Aug-2019,-,-,-,4528.02,-,-
702,208,14-Aug-2019,-,-,-,4579.23,-,-
703,209,16-Aug-2019,-,-,-,4577.13,-,-
704,210,19-Aug-2019,-,-,-,4566.37,-,-
705,211,20-Aug-2019,-,-,-,4527.8,-,-
706,212,21-Aug-2019,-,-,-,4456.28,-,-
707,213,22-Aug-2019,-,-,-,4349.62,-,-
708,214,23-Aug-2019,-,-,-,4477.84,-,-
709,215,26-Aug-2019,-,-,-,4525.86,-,-
710,216,27-Aug-2019,-,-,-,4591.0,-,-
711,217,28-Aug-2019,-,-,-,4554.22,-,-
712,218,29-Aug-2019,-,-,-,4543.07,-,-
713,219,30-Aug-2019,-,-,-,4546.24,-,-
714,220,03-Sep-2019,-,-,-,4426.52,-,-
715,221,04-Sep-2019,-,-,-,4452.79,-,-
716,222,05-Sep-2019,-,-,-,4538.48,-,-
717,223,06-Sep-2019,-,-,-,4585.46,-,-
718,224,09-Sep-2019,-,-,-,4602.36,-,-
719,225,11-Sep-2019,-,-,-,4601.09,-,-
720,226,12-Sep-2019,-,-,-,4550.27,-,-
721,227,13-Sep-2019,-,-,-,4659.03,-,-
722,228,16-Sep-2019,-,-,-,4593.36,-,-
723,229,17-Sep-2019,-,-,-,4530.93,-,-
724,230,18-Sep-2019,-,-,-,4570.06,-,-
725,231,19-Sep-2019,-,-,-,4480.35,-,-
726,232,20-Sep-2019,-,-,-,4746.54,-,-
727,233,23-Sep-2019,-,-,-,4857.26,-,-
728,234,24-Sep-2019,-,-,-,4888.38,-,-
729,235,25-Sep-2019,-,-,-,4877.54,-,-
730,236,26-Sep-2019,-,-,-,4985.66,-,-
731,237,27-Sep-2019,-,-,-,4957.83,-,-
732,238,30-Sep-2019,-,-,-,4993.74,-,-
733,239,01-Oct-2019,-,-,-,4970.5,-,-
734,240,03-Oct-2019,-,-,-,5042.6,-,-
735,241,04-Oct-2019,-,-,-,5015.68,-,-
736,242,07-Oct-2019,-,-,-,4946.47,-,-
737,0,09-Oct-2019,-,-,-,4990.28,-,-
738,1,10-Oct-2019,-,-,-,5022.15,-,-
739,2,11-Oct-2019,-,-,-,5000.01,-,-
740,3,14-Oct-2019,-,-,-,5055.85,-,-
741,4,15-Oct-2019,-,-,-,5097.32,-,-
742,5,16-Oct-2019,-,-,-,5148.95,-,-
743,6,17-Oct-2019,-,-,-,5191.32,-,-
744,7,18-Oct-2019,-,-,-,5249.07,-,-
745,8,22-Oct-2019,-,-,-,5274.31,-,-
746,9,23-Oct-2019,-,-,-,5199.12,-,-
747,10,24-Oct-2019,-,-,-,5208.15,-,-
748,11,25-Oct-2019,-,-,-,5220.01,-,-
749,12,27-Oct-2019,-,-,-,5239.15,-,-
750,13,29-Oct-2019,-,-,-,5314.13,-,-
751,14,30-Oct-2019,-,-,-,5379.35,-,-
752,15,31-Oct-2019,-,-,-,5393.62,-,-
753,16,01-Nov-2019,-,-,-,5360.44,-,-
754,17,04-Nov-2019,-,-,-,5371.17,-,-
755,18,05-Nov-2019,-,-,-,5330.21,-,-
756,19,06-Nov-2019,-,-,-,5315.02,-,-
757,20,07-Nov-2019,-,-,-,5296.71,-,-
758,21,08-Nov-2019,-,-,-,5217.89,-,-
759,22,11-Nov-2019,-,-,-,5242.32,-,-
760,23,13-Nov-2019,-,-,-,5247.18,-,-
761,24,14-Nov-2019,-,-,-,5235.08,-,-
762,25,15-Nov-2019,-,-,-,5221.57,-,-
763,26,18-Nov-2019,-,-,-,5214.27,-,-
764,27,19-Nov-2019,-,-,-,5282.18,-,-
765,28,20-Nov-2019,-,-,-,5363.36,-,-
766,29,21-Nov-2019,-,-,-,5270.82,-,-
767,30,22-Nov-2019,-,-,-,5275.07,-,-
768,31,25-Nov-2019,-,-,-,5289.84,-,-
769,32,26-Nov-2019,-,-,-,5272.12,-,-
770,33,27-Nov-2019,-,-,-,5320.81,-,-
771,34,28-Nov-2019,-,-,-,5356.84,-,-
772,35,29-Nov-2019,-,-,-,5304.77,-,-
773,36,02-Dec-2019,-,-,-,5319.31,-,-
774,37,03-Dec-2019,-,-,-,5276.18,-,-
775,38,04-Dec-2019,-,-,-,5249.21,-,-
776,39,05-Dec-2019,-,-,-,5209.26,-,-
777,40,06-Dec-2019,-,-,-,5174.11,-,-
778,41,09-Dec-2019,-,-,-,5226.02,-,-
779,42,10-Dec-2019,-,-,-,5150.36,-,-
780,43,11-Dec-2019,-,-,-,5192.31,-,-
781,44,12-Dec-2019,-,-,-,5216.24,-,-
782,45,13-Dec-2019,-,-,-,5253.96,-,-
783,46,16-Dec-2019,-,-,-,5220.71,-,-
784,47,17-Dec-2019,-,-,-,5224.26,-,-
785,48,18-Dec-2019,-,-,-,5222.51,-,-
786,49,19-Dec-2019,-,-,-,5273.15,-,-
787,50,20-Dec-2019,-,-,-,5257.95,-,-
788,51,23-Dec-2019,-,-,-,5225.65,-,-
789,52,24-Dec-2019,-,-,-,5177.11,-,-
790,53,26-Dec-2019,-,-,-,5121.9,-,-
791,54,27-Dec-2019,-,-,-,5193.81,-,-
792,55,30-Dec-2019,-,-,-,5199.8,-,-
793,56,31-Dec-2019,-,-,-,5174.19,-,-
794,57,01-Jan-2020,-,-,-,5173.3,-,-
795,58,02-Jan-2020,-,-,-,5224.22,-,-
796,59,03-Jan-2020,-,-,-,5217.22,-,-
797,60,06-Jan-2020,-,-,-,5099.56,-,-
798,61,07-Jan-2020,-,-,-,5119.1,-,-
799,62,08-Jan-2020,-,-,-,5082.28,-,-
800,63,09-Jan-2020,-,-,-,5165.84,-,-
801,64,10-Jan-2020,-,-,-,5167.16,-,-
802,65,13-Jan-2020,-,-,-,5192.69,-,-
803,66,14-Jan-2020,-,-,-,5196.52,-,-
804,67,15-Jan-2020,-,-,-,5209.55,-,-
805,68,16-Jan-2020,-,-,-,5203.19,-,-
806,69,17-Jan-2020,-,-,-,5242.03,-,-
807,70,20-Jan-2020,-,-,-,5157.92,-,-
808,71,21-Jan-2020,-,-,-,5153.74,-,-
809,72,22-Jan-2020,-,-,-,5089.66,-,-
810,73,23-Jan-2020,-,-,-,5162.29,-,-
811,74,24-Jan-2020,-,-,-,5165.39,-,-
812,75,27-Jan-2020,-,-,-,5128.09,-,-
813,76,28-Jan-2020,-,-,-,5110.97,-,-
814,77,01-Feb-2020,-,-,-,4790.21,-,-
815,78,03-Feb-2020,-,-,-,4803.57,-,-
816,79,04-Feb-2020,-,-,-,4954.18,-,-
817,80,05-Feb-2020,-,-,-,5021.57,-,-
818,81,06-Feb-2020,-,-,-,5064.0,-,-
819,82,07-Feb-2020,-,-,-,5037.22,-,-
820,83,10-Feb-2020,-,-,-,4994.88,-,-
821,84,11-Feb-2020,-,-,-,5020.22,-,-
822,85,12-Feb-2020,-,-,-,5043.71,-,-
823,86,13-Feb-2020,-,-,-,5017.05,-,-
824,87,14-Feb-2020,-,-,-,5000.86,-,-
825,88,17-Feb-2020,-,-,-,4919.52,-,-
826,89,18-Feb-2020,-,-,-,4921.62,-,-
827,90,19-Feb-2020,-,-,-,5006.37,-,-
828,91,20-Feb-2020,-,-,-,4971.79,-,-
829,92,24-Feb-2020,-,-,-,4846.22,-,-
830,93,25-Feb-2020,-,-,-,4780.63,-,-
831,94,26-Feb-2020,-,-,-,4697.16,-,-
832,95,27-Feb-2020,-,-,-,4644.55,-,-
833,96,28-Feb-2020,-,-,-,4487.76,-,-
834,97,02-Mar-2020,-,-,-,4409.07,-,-
835,98,03-Mar-2020,-,-,-,4533.21,-,-
836,99,04-Mar-2020,-,-,-,4506.16,-,-
837,100,05-Mar-2020,-,-,-,4462.48,-,-
838,101,06-Mar-2020,-,-,-,4343.43,-,-
839,102,09-Mar-2020,-,-,-,4059.32,-,-
840,103,11-Mar-2020,-,-,-,4021.2,-,-
841,104,12-Mar-2020,-,-,-,3637.84,-,-
842,105,13-Mar-2020,-,-,-,3825.33,-,-
843,106,16-Mar-2020,-,-,-,3596.8,-,-
844,107,17-Mar-2020,-,-,-,3563.51,-,-
845,108,18-Mar-2020,-,-,-,3445.94,-,-
846,109,19-Mar-2020,-,-,-,3279.86,-,-
847,110,20-Mar-2020,-,-,-,3577.14,-,-
848,111,23-Mar-2020,-,-,-,3158.58,-,-
849,112,24-Mar-2020,-,-,-,3203.12,-,-
850,113,25-Mar-2020,-,-,-,3379.32,-,-
851,114,26-Mar-2020,-,-,-,3437.01,-,-
852,115,27-Mar-2020,-,-,-,3400.19,-,-
853,116,30-Mar-2020,-,-,-,3338.22,-,-
854,117,31-Mar-2020,-,-,-,3615.06,-,-
855,118,01-Apr-2020,-,-,-,3530.41,-,-
856,119,03-Apr-2020,-,-,-,3588.6,-,-
857,120,07-Apr-2020,-,-,-,3873.52,-,-
858,121,08-Apr-2020,-,-,-,3882.02,-,-
859,122,09-Apr-2020,-,-,-,3984.38,-,-
860,123,13-Apr-2020,-,-,-,3925.59,-,-
861,124,15-Apr-2020,-,-,-,3887.01,-,-
862,125,16-Apr-2020,-,-,-,3958.65,-,-
863,126,17-Apr-2020,-,-,-,4038.81,-,-
864,127,20-Apr-2020,-,-,-,4084.05,-,-
865,128,21-Apr-2020,-,-,-,3965.15,-,-
866,129,22-Apr-2020,-,-,-,4093.52,-,-
867,130,23-Apr-2020,-,-,-,4113.49,-,-
868,131,24-Apr-2020,-,-,-,4123.58,-,-
869,132,27-Apr-2020,-,-,-,4172.84,-,-
870,133,28-Apr-2020,-,-,-,4201.18,-,-
871,134,29-Apr-2020,-,-,-,4247.42,-,-
872,135,30-Apr-2020,-,-,-,4422.85,-,-
873,136,04-May-2020,-,-,-,4268.75,      115152706,         4827.35
874,137,05-May-2020,-,-,-,4286.5,-,-
875,138,06-May-2020,-,-,-,4280.18,-,-
876,139,07-May-2020,-,-,-,4276.78,-,-
877,140,08-May-2020,-,-,-,4326.87,-,-
878,141,11-May-2020,-,-,-,4362.63,       98550309,         6146.94
879,142,12-May-2020,-,-,-,4214.45,      112100347,         7919.31
880,143,13-May-2020,-,-,-,4272.96,      106494135,         5585.62
881,144,14-May-2020,-,-,-,4154.32,       74560300,         4047.97
882,145,15-May-2020,-,-,-,4185.22,      103258288,         5293.50
883,146,18-May-2020,-,-,-,4033.61,      106905123,         5330.21
884,147,19-May-2020,-,-,-,4041.48,      121911867,         4088.25
885,148,20-May-2020,-,-,-,4130.93,       92306578,         4593.51
886,149,21-May-2020,-,-,-,4160.2,       85325685,         3580.84
887,150,22-May-2020,-,-,-,4147.75,       78816201,         3447.22
888,151,26-May-2020,-,-,-,4161.79,       76334766,         3127.11
889,152,27-May-2020,-,-,-,4213.68,       74514385,         3295.55
890,153,28-May-2020,-,-,-,4263.08,       84784803,         3746.07
891,154,29-May-2020,-,-,-,4367.34,      184142190,         5981.36
892,155,01-Jun-2020,-,-,-,4448.45,      115677780,         4283.27
893,156,02-Jun-2020,-,-,-,4485.44,       87873912,         2717.36
894,157,03-Jun-2020,-,-,-,4555.77,      124101978,         3746.38
895,158,04-Jun-2020,-,-,-,4607.72,      122892443,         4730.22
896,159,05-Jun-2020,-,-,-,4661.86,      104434272,         4052.52
897,160,08-Jun-2020,-,-,-,4748.41,      169776124,         4812.33
898,161,09-Jun-2020,-,-,-,4661.83,      105430556,         3539.53
899,162,10-Jun-2020,-,-,-,4668.99,       84617681,         2815.30
900,163,11-Jun-2020,-,-,-,4599.94,      140342077,         3572.18
901,164,12-Jun-2020,-,-,-,4662.87,      120784541,         4562.47
902,165,15-Jun-2020,-,-,-,4669.56,      133733399,         5470.24
903,166,16-Jun-2020,-,-,-,4664.53,      114905814,         5441.34
904,167,17-Jun-2020,-,-,-,4666.47,       99124128,         4466.55
905,168,18-Jun-2020,-,-,-,4726.62,      101761647,         4736.94
906,169,19-Jun-2020,-,-,-,4884.04,      155475798,        10148.58
907,170,22-Jun-2020,-,-,-,4901.75,      126649458,         6695.29
908,171,23-Jun-2020,-,-,-,4891.08,      113524686,         4423.04
909,172,24-Jun-2020,-,-,-,4852.4,      158120493,         6078.75
910,173,25-Jun-2020,-,-,-,4816.79,      265551438,         6221.12
911,174,26-Jun-2020,-,-,-,4929.01,      144029195,         4423.14
912,175,29-Jun-2020,-,-,-,4851.81,       85198912,         3218.91
913,176,30-Jun-2020,-,-,-,4787.17,      105461110,         3820.52
914,177,01-Jul-2020,-,-,-,4834.18,      102455962,         3610.68
915,178,02-Jul-2020,-,-,-,4882.42,      113766129,         3810.20
916,179,03-Jul-2020,-,-,-,4933.04,       80242738,         3599.62
917,180,06-Jul-2020,-,-,-,5010.79,       88840278,         5079.99
918,181,07-Jul-2020,-,-,-,4896.18,       96773229,         4540.09
919,182,08-Jul-2020,-,-,-,4860.27,       90708461,         3589.42
920,183,09-Jul-2020,-,-,-,4868.74,      107025483,         4547.81
921,184,10-Jul-2020,-,-,-,4894.96,       91979045,         5085.97
922,185,13-Jul-2020,-,-,-,4961.31,       91938604,         7217.36
923,186,14-Jul-2020,-,-,-,4916.16,       91760759,         7143.77
924,187,15-Jul-2020,-,-,-,4793.64,      128924069,        13428.96
925,188,16-Jul-2020,-,-,-,4826.21,      105086880,         6642.73
926,189,17-Jul-2020,-,-,-,5042.91,      200554212,         8233.38
927,190,20-Jul-2020,-,-,-,5063.54,       95671232,         4839.30
928,191,21-Jul-2020,-,-,-,5195.12,      235397824,         8261.08
929,192,22-Jul-2020,-,-,-,5177.39,      128878521,         7406.23
930,193,23-Jul-2020,-,-,-,5254.33,      160888201,         8633.75
931,194,24-Jul-2020,-,-,-,5270.3,      133314092,        13322.07
932,195,27-Jul-2020,-,-,-,5274.41,      143346912,        10244.03
933,196,28-Jul-2020,-,-,-,5290.13,      101396196,         7086.22
934,197,29-Jul-2020,-,-,-,5213.63,      104197830,         8505.13
935,198,30-Jul-2020,-,-,-,5129.89,      142125587,         9251.61
936,199,31-Jul-2020,-,-,-,5083.27,      123422184,         8663.83
937,200,03-Aug-2020,-,-,-,5003.97,      108786260,         5918.37
938,201,04-Aug-2020,-,-,-,5114.91,      146306404,        11045.00
939,202,05-Aug-2020,-,-,-,5105.43,      106217526,         8761.53
940,203,06-Aug-2020,-,-,-,5129.2,      124971079,         6526.29
941,204,07-Aug-2020,-,-,-,5161.31,      103026381,         4885.48
942,205,10-Aug-2020,-,-,-,5147.2,       74037681,         3830.20
943,206,11-Aug-2020,-,-,-,5176.51,       93375433,         6088.21
944,207,12-Aug-2020,-,-,-,5171.07,       87811813,         4330.33
945,208,13-Aug-2020,-,-,-,5180.62,       81676310,         3801.63
946,209,14-Aug-2020,-,-,-,5115.07,       94285464,         4721.66
947,210,17-Aug-2020,-,-,-,5113.74,       89875849,         4344.27
948,211,18-Aug-2020,-,-,-,5143.82,      106532767,         4616.16
949,212,19-Aug-2020,-,-,-,5165.79,      128401663,         5308.53
950,213,20-Aug-2020,-,-,-,5186.32,      162950305,         5120.37
951,214,21-Aug-2020,-,-,-,5168.22,       97222973,         4189.40
952,215,24-Aug-2020,-,-,-,5184.5,       69952565,         4275.72
953,216,25-Aug-2020,-,-,-,5173.7,      106781435,         3608.21
954,217,26-Aug-2020,-,-,-,5218.07,       96188728,         6999.81
955,218,27-Aug-2020,-,-,-,5172.9,       87480191,         4244.35
956,219,28-Aug-2020,-,-,-,5192.55,       81726583,         3956.86
957,220,31-Aug-2020,-,-,-,5087.73,      273553315,         9506.59
958,221,01-Sep-2020,-,-,-,5067.02,      136059469,         5480.42
959,222,02-Sep-2020,-,-,-,5136.6,       89979399,         3840.76
960,223,03-Sep-2020,-,-,-,5117.82,       73809171,         2852.16
961,224,04-Sep-2020,-,-,-,5039.85,       79815220,         3822.50
962,225,07-Sep-2020,-,-,-,5022.25,       77089645,         3185.44
963,226,08-Sep-2020,-,-,-,5028.77,       92352422,         4224.20
964,227,09-Sep-2020,-,-,-,5033.23,      125106893,         6826.75
965,228,10-Sep-2020,-,-,-,5240.65,      182324726,        16973.02
966,229,11-Sep-2020,-,-,-,5249.23,      100478338,         7757.56
967,230,14-Sep-2020,-,-,-,5237.32,       90235386,         5973.08
968,231,15-Sep-2020,-,-,-,5273.71,       68708525,         4018.28
969,232,16-Sep-2020,-,-,-,5252.69,       70706737,         4614.07
970,233,17-Sep-2020,-,-,-,5221.69,       75430937,         3861.15
971,234,18-Sep-2020,-,-,-,5221.17,      132264703,         5647.50
972,235,21-Sep-2020,-,-,-,5081.94,       98596553,         4982.14
973,236,22-Sep-2020,-,-,-,4966.03,      113907105,         5170.09
974,237,23-Sep-2020,-,-,-,4952.75,      100903380,         5584.39
975,238,24-Sep-2020,-,-,-,4822.88,      109565794,         4209.10
976,239,25-Sep-2020,-,-,-,4908.07,      105069234,         4298.37
977,240,28-Sep-2020,-,-,-,5000.28,       88168135,         3132.05
978,241,29-Sep-2020,-,-,-,4990.99,       83761552,         3830.75
979,242,30-Sep-2020,-,-,-,4914.8,      126527736,         5016.55
980,243,01-Oct-2020,-,-,-,4920.95,       91685627,         3656.07
981,244,05-Oct-2020,-,-,-,4916.19,       79079810,         2983.04
982,0,06-Oct-2020,-,-,-,4906.81,       65127265,         2749.12
983,1,07-Oct-2020,-,-,-,4907.84,      133151747,         6990.82
984,2,08-Oct-2020,-,-,-,4871.29,       85678327,         3348.02
985,3,09-Oct-2020,-,-,-,4890.82,       98986502,         3289.87
986,4,12-Oct-2020,-,-,-,4850.55,       59663091,         2311.79
987,5,13-Oct-2020,-,-,-,4853.76,       65782973,         3304.16
988,6,14-Oct-2020,-,-,-,4816.26,       98164579,         3982.73
989,7,15-Oct-2020,-,-,-,4741.48,       85504046,         3295.89
990,8,16-Oct-2020,-,-,-,4777.3,       95734451,         3530.56
991,9,19-Oct-2020,-,-,-,4844.03,      104665505,         4293.52
992,10,20-Oct-2020,-,-,-,4789.65,       75942050,         2731.77
993,11,21-Oct-2020,-,-,-,4806.04,      114382847,         4887.65
994,12,22-Oct-2020,-,-,-,4846.33,      117792577,         4427.10
995,13,23-Oct-2020,-,-,-,4857.05,       71069999,         3139.56
996,14,26-Oct-2020,-,-,-,4755.22,       77320509,         4476.42
997,15,27-Oct-2020,-,-,-,4771.95,       86883203,         4471.19
998,16,28-Oct-2020,-,-,-,4729.4,       82479368,         3752.23
999,17,29-Oct-2020,-,-,-,4738.35,       99166424,         3956.48
1000,18,30-Oct-2020,-,-,-,4806.91,      165339058,         5373.31
1001,19,02-Nov-2020,-,-,-,4646.26,      112074285,         9742.29
1002,20,03-Nov-2020,-,-,-,4632.7,      101735868,         8608.97
1003,21,04-Nov-2020,-,-,-,4684.29,       96683197,         7915.08
1004,22,05-Nov-2020,-,-,-,4820.05,      149024109,         5655.43
1005,23,06-Nov-2020,-,-,-,4882.95,      100030886,         7324.43
1006,24,09-Nov-2020,-,-,-,4947.95,       82999204,         4664.29
1007,25,10-Nov-2020,-,-,-,5035.72,      127732985,         5022.50
1008,26,11-Nov-2020,-,-,-,5040.54,      143441063,         7210.07
1009,27,12-Nov-2020,-,-,-,5029.78,       90105939,         4917.31
1010,28,13-Nov-2020,-,-,-,5057.14,       93985735,         5639.68
1011,29,14-Nov-2020,-,-,-,5117.64,       30418836,         1072.13
1012,30,17-Nov-2020,-,-,-,5101.72,      134647413,         6611.39
1013,31,18-Nov-2020,-,-,-,5123.79,      126153253,         5687.30
1014,32,19-Nov-2020,-,-,-,5092.66,      125845061,         4848.08
1015,33,20-Nov-2020,-,-,-,5072.94,      128054921,         6958.31
1016,34,23-Nov-2020,-,-,-,5190.67,      154818093,         6161.66
1017,35,24-Nov-2020,-,-,-,5206.42,      113617054,         4340.56
1018,36,25-Nov-2020,-,-,-,5204.29,      176458826,         4994.72
1019,37,26-Nov-2020,-,-,-,5194.55,      105024090,         3793.75
1020,38,27-Nov-2020,-,-,-,5217.53,      257737304,         9971.31
1021,39,01-Dec-2020,-,-,-,5317.4,      189767673,         4526.14
1022,40,02-Dec-2020,-,-,-,5398.23,      249648640,         5448.33
1023,41,03-Dec-2020,-,-,-,5463.37,      216159543,         5744.04
1024,42,04-Dec-2020,-,-,-,5463.15,      149865168,         3811.80
1025,43,07-Dec-2020,-,-,-,5522.51,      136628428,         3646.09
1026,44,08-Dec-2020,-,-,-,5523.29,      123925467,         5608.71
1027,45,09-Dec-2020,-,-,-,5576.84,      122167473,         4580.30
1028,46,10-Dec-2020,-,-,-,5537.88,      100801509,         3016.67
1029,47,11-Dec-2020,-,-,-,5617.22,      313091761,         6460.94
1030,48,14-Dec-2020,-,-,-,5704.83,      191859591,         4674.46
1031,49,15-Dec-2020,-,-,-,5652.26,      113137099,         3586.68
1032,50,16-Dec-2020,-,-,-,5678.06,      116081604,         3476.91
1033,51,17-Dec-2020,-,-,-,5639.36,      109407862,         3447.30
1034,52,18-Dec-2020,-,-,-,5607.17,      122726214,         3499.01
1035,53,21-Dec-2020,-,-,-,5301.39,      196501071,         6580.12
1036,54,22-Dec-2020,-,-,-,5367.29,      188651215,         5123.85
1037,55,23-Dec-2020,-,-,-,5394.47,      102126094,         3261.93
1038,56,24-Dec-2020,-,-,-,5484.13,      123851088,         3542.70
1039,57,28-Dec-2020,-,-,-,5538.03,       76517625,         2730.15
1040,58,29-Dec-2020,-,-,-,5535.17,       83463970,         3313.78
1041,59,30-Dec-2020,-,-,-,5542.5,       78542366,         3411.27
1042,60,31-Dec-2020,-,-,-,5524.05,      104233099,         3163.68
1043,61,01-Jan-2021,-,-,-,5542.87,       52329451,         1714.20
1044,62,04-Jan-2021,-,-,-,5627.34,      128978928,         4124.11
1045,63,05-Jan-2021,-,-,-,5604.06,      123505188,         4591.80
1046,64,06-Jan-2021,-,-,-,5595.07,      179165174,         6761.34
1047,65,07-Jan-2021,-,-,-,5611.69,      106692235,         4594.02
1048,66,08-Jan-2021,-,-,-,5691.37,      129500162,         4595.44
1049,67,11-Jan-2021,-,-,-,5686.98,      117388249,         4611.82
1050,68,12-Jan-2021,-,-,-,5784.12,      176986017,         6310.43
1051,69,13-Jan-2021,-,-,-,5801.69,      187211575,         5425.22
1052,70,14-Jan-2021,-,-,-,5873.76,      131718347,         4192.64
1053,71,15-Jan-2021,-,-,-,5751.34,      137695607,         4100.29
1054,72,18-Jan-2021,-,-,-,5696.07,      149088055,         5408.68
1055,73,19-Jan-2021,-,-,-,5778.48,      106814186,         4500.58
1056,74,20-Jan-2021,-,-,-,5817.54,       90629108,         4193.59
1057,75,21-Jan-2021,-,-,-,5759.9,      128014929,         5784.70
1058,76,22-Jan-2021,-,-,-,5671.2,      122813410,         4840.45
1059,77,25-Jan-2021,-,-,-,5539.08,      129102340,         6644.86
1060,78,27-Jan-2021,-,-,-,5438.57,      134650589,         5561.97
1061,79,28-Jan-2021,-,-,-,5456.46,      109748047,         4482.71
1062,80,29-Jan-2021,-,-,-,5379.75,      179394171,         5959.71
1063,81,01-Feb-2021,-,-,-,5498.95,      149042359,         5119.49
1064,82,02-Feb-2021,-,-,-,5618.89,      133210877,         5541.17
1065,83,03-Feb-2021,-,-,-,5655.47,      150234849,         4806.41
1066,84,04-Feb-2021,-,-,-,5711.51,      167543557,         4531.16
1067,85,05-Feb-2021,-,-,-,5665.43,      108850268,         3259.47
1068,86,08-Feb-2021,-,-,-,5771.16,      137991827,         4143.65
1069,87,09-Feb-2021,-,-,-,5803.37,      164793182,         4886.29
1070,88,10-Feb-2021,-,-,-,5803.94,      119103240,         4002.00
1071,89,11-Feb-2021,-,-,-,5910.18,      127994803,         6165.07
1072,90,12-Feb-2021,-,-,-,5840.24,       90676687,         4260.65
1073,91,15-Feb-2021,-,-,-,5839.38,       90360260,         2976.79
1074,92,16-Feb-2021,-,-,-,5957.82,      159452409,         4472.95
1075,93,17-Feb-2021,-,-,-,5977.48,      110532524,         4272.55
1076,94,18-Feb-2021,-,-,-,6160.97,      390995408,         9216.96
1077,95,19-Feb-2021,-,-,-,6117.9,      242251510,         6785.65
1078,96,22-Feb-2021,-,-,-,6003.92,      123429948,         4325.14
1079,97,23-Feb-2021,-,-,-,6089.25,      215116064,         5787.39
1080,98,24-Feb-2021,-,-,-,6145.79,       95190689,         2645.94
1081,99,25-Feb-2021,-,-,-,6362.59,      237749848,         7438.58
1082,100,26-Feb-2021,-,-,-,6164.5,      206515030,         7138.56
1083,101,01-Mar-2021,-,-,-,6279.56,      128516142,         3799.22
1084,102,02-Mar-2021,-,-,-,6346.68,      166181210,         5263.49
1085,103,03-Mar-2021,-,-,-,6498.01,      126832382,         5809.19
1086,104,04-Mar-2021,-,-,-,6471.81,      113727911,         4282.89
1087,105,05-Mar-2021,-,-,-,6481.65,      184259245,         5850.72
1088,106,08-Mar-2021,-,-,-,6570.59,      213280528,         5264.34
1089,107,09-Mar-2021,-,-,-,6468.19,      310120079,        12078.28
1090,108,10-Mar-2021,-,-,-,6429.37,      105792899,         3212.84
1091,109,12-Mar-2021,-,-,-,6416.8,      128809982,         4585.67
1092,110,15-Mar-2021,-,-,-,6370.45,      105301843,         3800.24
1093,111,16-Mar-2021,-,-,-,6353.44,      102986851,         3404.28
1094,112,17-Mar-2021,-,-,-,6169.18,      131657114,         4789.51
1095,113,18-Mar-2021,-,-,-,6087.89,      113661797,         4093.19
1096,114,19-Mar-2021,-,-,-,6190.49,      204166021,         7355.43
1097,115,22-Mar-2021,-,-,-,6219.06,       96481663,         3793.06
1098,116,23-Mar-2021,-,-,-,6251.88,       90200559,         3554.00
1099,117,24-Mar-2021,-,-,-,6164.66,       95942036,         3314.23
1100,118,25-Mar-2021,-,-,-,6011.38,      128651930,         4182.77
1101,119,26-Mar-2021,-,-,-,6064.39,       94018236,         3443.35
1102,120,30-Mar-2021,-,-,-,6141.64,      159432970,         4336.54
1103,121,31-Mar-2021,-,-,-,6147.95,       99105723,         3317.91
1104,122,01-Apr-2021,-,-,-,6283.58,       81818808,         2723.50
1105,123,05-Apr-2021,-,-,-,6230.78,       86622247,         3273.13
1106,124,06-Apr-2021,-,-,-,6237.03,       60801396,         2682.74
1107,125,07-Apr-2021,-,-,-,6243.95,       88845593,         3993.42
1108,126,08-Apr-2021,-,-,-,6207.64,       79104004,         2962.95
1109,127,09-Apr-2021,-,-,-,6228.94,       70175551,         2975.30
1110,128,12-Apr-2021,-,-,-,5932.82,      102034545,         3688.98
1111,129,13-Apr-2021,-,-,-,6052.97,       93283521,         3317.17
1112,130,15-Apr-2021,-,-,-,6130.98,       91427831,         3404.35
1113,131,16-Apr-2021,-,-,-,6153.24,       82408715,         3169.62
1114,132,19-Apr-2021,-,-,-,6038.84,       79562033,         3156.74
1115,133,20-Apr-2021,-,-,-,6044.96,       80687149,         2954.64
1116,134,22-Apr-2021,-,-,-,6081.97,       67488994,         2624.47
1117,135,23-Apr-2021,-,-,-,6085.22,       93104360,         3211.82
1118,136,26-Apr-2021,-,-,-,6122.87,       58031721,         2984.07
1119,137,27-Apr-2021,-,-,-,6191.16,       66512169,         2966.70
1120,138,28-Apr-2021,-,-,-,6205.92,       52126127,         2734.85
1121,139,29-Apr-2021,-,-,-,6228.25,       62021109,         2737.15
1122,140,30-Apr-2021,-,-,-,6265.34,      186252817,         4921.23
1123,141,03-May-2021,-,-,-,6257.51,       86271419,         3645.80
1124,142,04-May-2021,-,-,-,6269.14,      111602475,         3922.82
1125,143,05-May-2021,-,-,-,6317.17,      121368435,         3044.95
1126,144,06-May-2021,-,-,-,6386.23,       95581678,         2922.88
1127,145,07-May-2021,-,-,-,6424.42,      100307553,         2998.58
1128,146,10-May-2021,-,-,-,6489.76,      120375689,         3232.91
1129,147,11-May-2021,-,-,-,6619.5,      199216253,         4406.09
1130,148,12-May-2021,-,-,-,6536.75,      150179424,         3638.51
1131,149,14-May-2021,-,-,-,6416.08,       93975333,         3014.32
1132,150,17-May-2021,-,-,-,6508.37,       75465796,         2481.15
1133,151,18-May-2021,-,-,-,6616.18,      108569797,         3202.74
1134,152,19-May-2021,-,-,-,6618.82,      141361822,         3904.31
1135,153,20-May-2021,-,-,-,6547.07,      125087483,         3435.59
1136,154,21-May-2021,-,-,-,6591.0,      143845812,         4664.84
1137,155,24-May-2021,-,-,-,6652.18,      161821790,         3905.21
1138,156,25-May-2021,-,-,-,6644.01,      141363440,         4487.36
1139,157,26-May-2021,-,-,-,6655.16,       90256049,         2728.79
1140,158,27-May-2021,-,-,-,6664.18,      203836132,        11259.43
1141,159,28-May-2021,-,-,-,6776.45,      124438313,         7526.13
1142,160,31-May-2021,-,-,-,6887.25,      139169007,         8280.95
1143,161,01-Jun-2021,-,-,-,6970.51,      118696378,         4902.78
1144,162,02-Jun-2021,-,-,-,7097.99,      117553462,         5510.63
1145,163,03-Jun-2021,-,-,-,7184.12,      136024527,         5083.18
1146,164,04-Jun-2021,-,-,-,7241.06,      188236451,         5197.16
1147,165,07-Jun-2021,-,-,-,7324.21,      127746730,         4327.38
1148,166,08-Jun-2021,-,-,-,7326.68,       88875833,         2989.86
1149,167,09-Jun-2021,-,-,-,7196.14,      155714775,         4492.03
1150,168,10-Jun-2021,-,-,-,7224.3,       89257107,         3316.93
1151,169,11-Jun-2021,-,-,-,7263.51,       91337116,         3405.10
1152,170,14-Jun-2021,-,-,-,7259.82,       76721168,         3451.58
1153,171,15-Jun-2021,-,-,-,7267.2,      104929050,         4241.49
1154,172,16-Jun-2021,-,-,-,7191.5,       93950013,         3091.25
1155,173,17-Jun-2021,-,-,-,7147.06,       75570868,         3449.93
1156,174,18-Jun-2021,-,-,-,7034.49,      169481376,         5889.53
1157,175,21-Jun-2021,-,-,-,7104.97,       76591133,         2935.05
1158,176,22-Jun-2021,-,-,-,7140.79,       75915532,         3059.83
1159,177,23-Jun-2021,-,-,-,7061.59,       62360027,         2921.03
1160,178,24-Jun-2021,-,-,-,6942.51,      100733861,        10385.49
1161,179,25-Jun-2021,-,-,-,6861.79,       91966999,         6773.53
1162,180,28-Jun-2021,-,-,-,6842.34,       72338528,         3694.77
1163,181,29-Jun-2021,-,-,-,6776.38,       85710364,         4393.75
1164,182,30-Jun-2021,-,-,-,6762.85,       68954941,         3190.63
1165,183,01-Jul-2021,-,-,-,6748.14,       60549987,         2460.28
1166,184,02-Jul-2021,-,-,-,6753.34,       64654951,         2578.90
1167,185,05-Jul-2021,-,-,-,6782.27,       50591489,         2246.01
1168,186,06-Jul-2021,-,-,-,6768.62,       76933077,         2533.36
1169,187,07-Jul-2021,-,-,-,6733.44,       56986603,         2172.54
1170,188,08-Jul-2021,-,-,-,6703.64,       70098866,         2802.76
1171,189,09-Jul-2021,-,-,-,6671.96,       43898440,         1749.27
1172,190,12-Jul-2021,-,-,-,6665.06,       45394828,         1786.30
1173,191,13-Jul-2021,-,-,-,6711.33,       48482597,         1616.43
1174,192,14-Jul-2021,-,-,-,6656.91,       44544730,         1763.01
1175,193,15-Jul-2021,-,-,-,6606.8,       66286170,         2013.35
1176,194,16-Jul-2021,-,-,-,6644.87,       57082362,         1835.17
1177,195,19-Jul-2021,-,-,-,6603.26,       65674429,         2139.34
1178,196,20-Jul-2021,-,-,-,6558.84,       67740037,         2245.62
1179,197,22-Jul-2021,-,-,-,6655.42,       58917813,         2082.75
1180,198,23-Jul-2021,-,-,-,6650.22,       46039773,         2167.24
1181,199,26-Jul-2021,-,-,-,6605.37,       48755893,         2302.70
1182,200,27-Jul-2021,-,-,-,6563.47,       50876341,         2214.75
1183,201,28-Jul-2021,-,-,-,6534.7,       50215625,         2186.08
1184,202,29-Jul-2021,-,-,-,6546.75,       57876679,         2576.71
1185,203,30-Jul-2021,-,-,-,6526.35,       81625622,         2677.09
1186,204,02-Aug-2021,-,-,-,6641.86,       57281695,         2323.30
1187,205,03-Aug-2021,-,-,-,6690.8,       57910596,         2232.56
1188,206,04-Aug-2021,-,-,-,6672.03,       57635380,         2372.83
1189,207,05-Aug-2021,-,-,-,6678.45,       71128330,         3291.46
1190,208,06-Aug-2021,-,-,-,6655.48,      107305824,         3638.39
1191,209,09-Aug-2021,     6653.85,     6664.10,     6553.80,6582.2,-,-
1192,210,10-Aug-2021,     6605.30,     6627.45,     6514.80,6547.4,-,-
1193,211,11-Aug-2021,     6566.20,     6634.55,     6508.75,6626.55,-,-
1194,212,12-Aug-2021,     6636.35,     6662.50,     6625.70,6642.9,-,-
1195,213,13-Aug-2021,     6663.35,     6695.10,     6645.90,6688.85,-,-
1196,214,16-Aug-2021,     6698.80,     6781.60,     6674.45,6751.1,-,-
1197,215,17-Aug-2021,     6754.15,     6776.90,     6687.35,6749.45,-,-
1198,216,18-Aug-2021,     6780.30,     6801.10,     6741.75,6766.65,-,-
1199,217,20-Aug-2021,     6710.45,     6754.40,     6668.30,6692.8,-,-
1200,219,23-Aug-2021,     6774.85,     6776.90,     6651.30,6722.1,-,-
1201,221,24-Aug-2021,     6776.90,     6843.10,     6774.55,6835.05,-,-
1202,223,25-Aug-2021,     6880.90,     6936.60,     6871.35,6911.4,-,-
1203,225,26-Aug-2021,     6949.00,     6986.30,     6928.20,6968.4,-,-
1204,227,27-Aug-2021,     7011.05,     7030.60,     6938.90,6992.45,-,-
1205,229,30-Aug-2021,     7036.05,     7125.50,     7014.85,7114.75,-,-
1206,231,31-Aug-2021,     7132.60,     7186.95,     7085.25,7174.7,-,-
1207,233,01-Sep-2021,-,-,-,7205.4,-,-
1208,235,02-Sep-2021,-,-,-,7225.15,-,-
1209,237,03-Sep-2021,-,-,-,7404.4,-,-
1210,239,06-Sep-2021,-,-,-,7388.4,-,-
1211,241,07-Sep-2021,-,-,-,7338.6,-,-
1212,243,08-Sep-2021,-,-,-,7376.0,-,-
1213,245,09-Sep-2021,-,-,-,7391.65,-,-
1214,247,13-Sep-2021,-,-,-,7367.05,-,-
1215,249,14-Sep-2021,-,-,-,7401.15,-,-
1216,251,15-Sep-2021,-,-,-,7463.7,-,-
1217,253,16-Sep-2021,-,-,-,7554.05,-,-
1218,255,17-Sep-2021,-,-,-,7446.85,-,-
1219,257,20-Sep-2021,-,-,-,7351.65,-,-
1220,259,21-Sep-2021,-,-,-,7416.45,-,-
1221,261,22-Sep-2021,-,-,-,7440.1,-,-
1222,263,23-Sep-2021,-,-,-,7567.1,-,-
1223,265,24-Sep-2021,-,-,-,7525.7,-,-
1224,267,27-Sep-2021,-,-,-,7624.55,-,-
1225,269,28-Sep-2021,-,-,-,7726.1,-,-
1226,271,29-Sep-2021,-,-,-,7777.45,-,-
1227,273,30-Sep-2021,-,-,-,7774.4,-,-
1228,275,01-Oct-2021,-,-,-,7797.0,-,-
1229,277,04-Oct-2021,-,-,-,7819.3,-,-
1230,1,05-Oct-2021,-,-,-,8036.0,-,-
1231,3,06-Oct-2021,-,-,-,8017.7,-,-
1232,5,07-Oct-2021,-,-,-,7995.8,-,-
1233,7,08-Oct-2021,-,-,-,8060.65,-,-
1234,9,11-Oct-2021,-,-,-,8086.55,-,-
1235,11,12-Oct-2021,-,-,-,8100.8,-,-
1236,13,13-Oct-2021,-,-,-,8133.25,-,-
1237,15,14-Oct-2021,-,-,-,8155.45,-,-
1238,17,18-Oct-2021,-,-,-,8216.85,-,-
1239,19,19-Oct-2021,-,-,-,8129.85,-,-
1240,21,20-Oct-2021,-,-,-,7995.9,-,-
1241,23,21-Oct-2021,-,-,-,7959.55,-,-
1242,25,22-Oct-2021,-,-,-,7928.1,-,-
1243,27,25-Oct-2021,-,-,-,7891.05,-,-
1244,29,26-Oct-2021,-,-,-,7988.05,-,-
1245,31,27-Oct-2021,-,-,-,7926.7,-,-
1246,33,28-Oct-2021,-,-,-,7755.3,-,-
1247,35,29-Oct-2021,-,-,-,7704.3,-,-
